timestamp,value
00:00:00,0.5011177062988281
00:00:30,0.5011177062988281
00:01:00,0.5011081695556641
00:01:30,0.5011081695556641
00:02:00,0.5011153221130371
00:02:30,0.5011153221130371
00:03:00,0.5011205673217773
00:03:30,0.5011205673217773
00:04:00,0.5011534690856934
00:04:30,0.5011534690856934
00:05:00,0.501197338104248
00:05:30,0.501197338104248
00:06:00,0.5011639595031738
00:06:30,0.5011639595031738
00:07:00,0.5011372566223145
00:07:30,0.5011372566223145
00:08:00,0.5011758804321289
00:08:30,0.5011758804321289
00:09:00,0.5011858940124512
00:09:30,0.5011858940124512
00:10:00,0.5011763572692871
00:10:30,0.5011763572692871
00:11:00,0.5011801719665527
00:11:30,0.5011801719665527
00:12:00,0.5011997222900391
00:12:30,0.5011997222900391
00:13:00,0.5011701583862305
00:13:30,0.5011701583862305
00:14:00,0.501183032989502
00:14:30,0.501183032989502
00:15:00,0.501183032989502
00:15:30,0.501183032989502
00:16:00,0.5011825561523438
00:16:30,0.5011825561523438
00:17:00,0.5011816024780273
00:17:30,0.5011816024780273
00:18:00,0.5012087821960449
00:18:30,0.5012087821960449
00:19:00,0.5012269020080566
00:19:30,0.5012269020080566
00:20:00,0.5011987686157227
00:20:30,0.5011987686157227
00:21:00,0.5012173652648926
00:21:30,0.5012173652648926
00:22:00,0.5011963844299316
00:22:30,0.5011963844299316
00:23:00,0.5012187957763672
00:23:30,0.5012187957763672
00:24:00,0.5013084411621094
00:24:30,0.5013084411621094
00:25:00,0.5013198852539062
00:25:30,0.5013198852539062
00:26:00,0.5013141632080078
00:26:30,0.5013141632080078
00:27:00,0.501246452331543
00:27:30,0.501246452331543
00:28:00,0.5012626647949219
00:28:30,0.5012626647949219
00:29:00,0.5012521743774414
00:29:30,0.5012521743774414
00:30:00,0.5012555122375488
00:30:30,0.5012555122375488
00:31:00,0.5012073516845703
00:31:30,0.5012073516845703
00:32:00,0.5012311935424805
00:32:30,0.5012311935424805
00:33:00,0.5012636184692383
00:33:30,0.5012636184692383
00:34:00,0.5012483596801758
00:34:30,0.5012483596801758
00:35:00,0.5027313232421875
00:35:30,0.5027313232421875
00:36:00,0.502741813659668
00:36:30,0.502741813659668
00:37:00,0.5027570724487305
00:37:30,0.5027570724487305
00:38:00,0.502744197845459
00:38:30,0.502744197845459
00:39:00,0.5027785301208496
00:39:30,0.5027785301208496
00:40:00,0.5012726783752441
00:40:30,0.5012726783752441
00:41:00,0.5012860298156738
00:41:30,0.5012860298156738
00:42:00,0.5012660026550293
00:42:30,0.5012660026550293
00:43:00,0.5012807846069336
00:43:30,0.5012807846069336
00:44:00,0.5012807846069336
00:44:30,0.5012807846069336
00:45:00,0.501276969909668
00:45:30,0.501276969909668
00:46:00,0.5012698173522949
00:46:30,0.5012698173522949
00:47:00,0.5012607574462891
00:47:30,0.5012607574462891
00:48:00,0.5012874603271484
00:48:30,0.5012874603271484
00:49:00,0.5012974739074707
00:49:30,0.5012974739074707
00:50:00,0.50128173828125
00:50:30,0.50128173828125
00:51:00,0.5012764930725098
00:51:30,0.5012764930725098
00:52:00,0.5012907981872559
00:52:30,0.5012907981872559
00:53:00,0.5013160705566406
00:53:30,0.5013160705566406
00:54:00,0.5013136863708496
00:54:30,0.5013136863708496
00:55:00,0.5012850761413574
00:55:30,0.5012850761413574
00:56:00,0.5012974739074707
00:56:30,0.5012974739074707
00:57:00,0.5013036727905273
00:57:30,0.5013036727905273
00:58:00,0.5013041496276855
00:58:30,0.5013041496276855
00:59:00,0.501375675201416
00:59:30,0.501375675201416
01:00:00,0.5013818740844727
01:00:30,0.5013818740844727
01:01:00,0.5013651847839355
01:01:30,0.5013651847839355
01:02:00,0.5013346672058105
01:02:30,0.5013346672058105
01:03:00,0.5013270378112793
01:03:30,0.5013270378112793
01:04:00,0.5013289451599121
01:04:30,0.5013289451599121
01:05:00,0.5013203620910645
01:05:30,0.5013203620910645
01:06:00,0.5013303756713867
01:06:30,0.5013303756713867
01:07:00,0.5013327598571777
01:07:30,0.5013327598571777
01:08:00,0.501340389251709
01:08:30,0.501340389251709
01:09:00,0.5013570785522461
01:09:30,0.5013570785522461
01:10:00,0.5013484954833984
01:10:30,0.5013484954833984
01:11:00,0.5013360977172852
01:11:30,0.5013360977172852
01:12:00,0.5013699531555176
01:12:30,0.5013699531555176
01:13:00,0.5013580322265625
01:13:30,0.5013580322265625
01:14:00,0.501399040222168
01:14:30,0.501399040222168
01:15:00,0.501439094543457
01:15:30,0.501439094543457
01:16:00,0.5013976097106934
01:16:30,0.5013976097106934
01:17:00,0.5013790130615234
01:17:30,0.5013790130615234
01:18:00,0.5013852119445801
01:18:30,0.5013852119445801
01:19:00,0.5014147758483887
01:19:30,0.5014147758483887
01:20:00,0.5014081001281738
01:20:30,0.5014081001281738
01:21:00,0.5014076232910156
01:21:30,0.5014076232910156
01:22:00,0.5013952255249023
01:22:30,0.5013952255249023
01:23:00,0.5014228820800781
01:23:30,0.5014228820800781
01:24:00,0.5013957023620605
01:24:30,0.5013957023620605
01:25:00,0.5014362335205078
01:25:30,0.5014362335205078
01:26:00,0.5014247894287109
01:26:30,0.5014247894287109
01:27:00,0.5014166831970215
01:27:30,0.5014166831970215
01:28:00,0.501439094543457
01:28:30,0.501439094543457
01:29:00,0.5014386177062988
01:29:30,0.5014386177062988
01:30:00,0.5014538764953613
01:30:30,0.5014538764953613
01:31:00,0.5014157295227051
01:31:30,0.5014157295227051
01:32:00,0.5014247894287109
01:32:30,0.5014247894287109
01:33:00,0.5014486312866211
01:33:30,0.5014486312866211
01:34:00,0.5014643669128418
01:34:30,0.5014643669128418
01:35:00,0.5029134750366211
01:35:30,0.5029134750366211
01:36:00,0.5029363632202148
01:36:30,0.5029363632202148
01:37:00,0.5029416084289551
01:37:30,0.5029416084289551
01:38:00,0.502955436706543
01:38:30,0.502955436706543
01:39:00,0.502927303314209
01:39:30,0.502927303314209
01:40:00,0.5014615058898926
01:40:30,0.5014615058898926
01:41:00,0.5015072822570801
01:41:30,0.5015072822570801
01:42:00,0.5014491081237793
01:42:30,0.5014491081237793
01:43:00,0.5014643669128418
01:43:30,0.5014643669128418
01:44:00,0.5014781951904297
01:44:30,0.5014781951904297
01:45:00,0.5014786720275879
01:45:30,0.5014786720275879
01:46:00,0.5014743804931641
01:46:30,0.5014743804931641
01:47:00,0.5014691352844238
01:47:30,0.5014691352844238
01:48:00,0.501467227935791
01:48:30,0.501467227935791
01:49:00,0.5014829635620117
01:49:30,0.5014829635620117
01:50:00,0.5014991760253906
01:50:30,0.5014991760253906
01:51:00,0.5015029907226562
01:51:30,0.5015029907226562
01:52:00,0.5014829635620117
01:52:30,0.5014829635620117
01:53:00,0.501502513885498
01:53:30,0.501502513885498
01:54:00,0.5014867782592773
01:54:30,0.5014867782592773
01:55:00,0.5015058517456055
01:55:30,0.5015058517456055
01:56:00,0.5015029907226562
01:56:30,0.5015029907226562
01:57:00,0.5014991760253906
01:57:30,0.5014991760253906
01:58:00,0.5014867782592773
01:58:30,0.5014867782592773
01:59:00,0.501492977142334
01:59:30,0.501492977142334
02:00:00,0.501502513885498
02:00:30,0.501502513885498
02:01:00,0.5014767646789551
02:01:30,0.5014767646789551
02:02:00,0.501460075378418
02:02:30,0.501460075378418
02:03:00,0.5014934539794922
02:03:30,0.5014934539794922
02:04:00,0.5014863014221191
02:04:30,0.5014863014221191
02:05:00,0.5014839172363281
02:05:30,0.5014839172363281
02:06:00,0.5015106201171875
02:06:30,0.5015106201171875
02:07:00,0.5014896392822266
02:07:30,0.5014896392822266
02:08:00,0.5015196800231934
02:08:30,0.5015196800231934
02:09:00,0.5015034675598145
02:09:30,0.5015034675598145
02:10:00,0.5015573501586914
02:10:30,0.5015573501586914
02:11:00,0.5015325546264648
02:11:30,0.5015325546264648
02:12:00,0.501518726348877
02:12:30,0.501518726348877
02:13:00,0.5015158653259277
02:13:30,0.5015158653259277
02:14:00,0.5015172958374023
02:14:30,0.5015172958374023
02:15:00,0.5015454292297363
02:15:30,0.5015454292297363
02:16:00,0.5015559196472168
02:16:30,0.5015559196472168
02:17:00,0.5015525817871094
02:17:30,0.5015525817871094
02:18:00,0.5015463829040527
02:18:30,0.5015463829040527
02:19:00,0.5015673637390137
02:19:30,0.5015673637390137
02:20:00,0.5015840530395508
02:20:30,0.5015840530395508
02:21:00,0.5015645027160645
02:21:30,0.5015645027160645
02:22:00,0.5015625953674316
02:22:30,0.5015625953674316
02:23:00,0.5015654563903809
02:23:30,0.5015654563903809
02:24:00,0.5015721321105957
02:24:30,0.5015721321105957
02:25:00,0.5015764236450195
02:25:30,0.5015764236450195
02:26:00,0.5015835762023926
02:26:30,0.5015835762023926
02:27:00,0.5015864372253418
02:27:30,0.5015864372253418
02:28:00,0.5015730857849121
02:28:30,0.5015730857849121
02:29:00,0.5015931129455566
02:29:30,0.5015931129455566
02:30:00,0.501582145690918
02:30:30,0.501582145690918
02:31:00,0.5015764236450195
02:31:30,0.5015764236450195
02:32:00,0.501594066619873
02:32:30,0.501594066619873
02:33:00,0.5015950202941895
02:33:30,0.5015950202941895
02:34:00,0.5015978813171387
02:34:30,0.5015978813171387
02:35:00,0.5030598640441895
02:35:30,0.5030598640441895
02:36:00,0.5030941963195801
02:36:30,0.5030941963195801
02:37:00,0.5030698776245117
02:37:30,0.5030698776245117
02:38:00,0.5030899047851562
02:38:30,0.5030899047851562
02:39:00,0.5030741691589355
02:39:30,0.5030741691589355
02:40:00,0.5016107559204102
02:40:30,0.5016107559204102
02:41:00,0.5016307830810547
02:41:30,0.5016307830810547
02:42:00,0.5016160011291504
02:42:30,0.5016160011291504
02:43:00,0.5016336441040039
02:43:30,0.5016336441040039
02:44:00,0.5016183853149414
02:44:30,0.5016183853149414
02:45:00,0.5016179084777832
02:45:30,0.5016179084777832
02:46:00,0.5015792846679688
02:46:30,0.5015792846679688
02:47:00,0.5016059875488281
02:47:30,0.5016059875488281
02:48:00,0.5016250610351562
02:48:30,0.5016250610351562
02:49:00,0.5016536712646484
02:49:30,0.5016536712646484
02:50:00,0.5016436576843262
02:50:30,0.5016436576843262
02:51:00,0.5016870498657227
02:51:30,0.5016870498657227
02:52:00,0.5017008781433105
02:52:30,0.5017008781433105
02:53:00,0.501701831817627
02:53:30,0.501701831817627
02:54:00,0.5016870498657227
02:54:30,0.5016870498657227
02:55:00,0.5016751289367676
02:55:30,0.5016751289367676
02:56:00,0.5017156600952148
02:56:30,0.5017156600952148
02:57:00,0.5016741752624512
02:57:30,0.5016741752624512
02:58:00,0.5011229515075684
02:58:30,0.5011229515075684
02:59:00,0.5011186599731445
02:59:30,0.5011186599731445
03:00:00,0.5011343955993652
03:00:30,0.5011343955993652
03:01:00,0.5011439323425293
03:01:30,0.5011439323425293
03:02:00,0.5011358261108398
03:02:30,0.5011358261108398
03:03:00,0.5011506080627441
03:03:30,0.5011506080627441
03:04:00,0.5011639595031738
03:04:30,0.5011639595031738
03:05:00,0.5011773109436035
03:05:30,0.5011773109436035
03:06:00,0.5011687278747559
03:06:30,0.501162052154541
03:07:00,0.5011558532714844
03:07:30,0.5011897087097168
03:08:00,0.5011591911315918
03:08:30,0.5011625289916992
03:09:00,0.5011825561523438
03:09:30,0.5011959075927734
03:10:00,0.5011715888977051
03:10:30,0.5012693405151367
03:11:00,0.5011768341064453
03:11:30,0.5011696815490723
03:12:00,0.5011806488037109
03:12:30,0.5011997222900391
03:13:00,0.5012011528015137
03:13:30,0.5011844635009766
03:14:00,0.501190185546875
03:14:30,0.5011858940124512
03:15:00,0.5012078285217285
03:15:30,0.501185417175293
03:16:00,0.5011806488037109
03:16:30,0.5011725425720215
03:17:00,0.5011763572692871
03:17:30,0.5012049674987793
03:18:00,0.5012059211730957
03:18:30,0.5012011528015137
03:19:00,0.5012116432189941
03:19:30,0.5011892318725586
03:20:00,0.5012049674987793
03:20:30,0.5011868476867676
03:21:00,0.5012001991271973
03:21:30,0.5012211799621582
03:22:00,0.5011906623840332
03:22:30,0.5012078285217285
03:23:00,0.5012106895446777
03:23:30,0.501197338104248
03:24:00,0.5012116432189941
03:24:30,0.5012354850769043
03:25:00,0.5012288093566895
03:25:30,0.5012092590332031
03:26:00,0.5012269020080566
03:26:30,0.501218318939209
03:27:00,0.5012149810791016
03:27:30,0.501220703125
03:28:00,0.5012168884277344
03:28:30,0.5012378692626953
03:29:00,0.5012311935424805
03:29:30,0.501223087310791
03:30:00,0.5012240409851074
03:30:30,0.5012407302856445
03:31:00,0.5012359619140625
03:31:30,0.5012178421020508
03:32:00,0.5012187957763672
03:32:30,0.5012478828430176
03:33:00,0.501258373260498
03:33:30,0.5012307167053223
03:34:00,0.5012345314025879
03:34:30,0.5012307167053223
03:35:00,0.5027422904968262
03:35:30,0.5027384757995605
03:36:00,0.5027384757995605
03:36:30,0.5027275085449219
03:37:00,0.5027179718017578
03:37:30,0.5027303695678711
03:38:00,0.5027375221252441
03:38:30,0.5027613639831543
03:39:00,0.502748966217041
03:39:30,0.502769947052002
03:40:00,0.501258373260498
03:40:30,0.5012726783752441
03:41:00,0.501279354095459
03:41:30,0.5016918182373047
03:42:00,0.5012698173522949
03:42:30,0.5012755393981934
03:43:00,0.5012726783752441
03:43:30,0.5012946128845215
03:44:00,0.5012764930725098
03:44:30,0.5012784004211426
03:45:00,0.5012669563293457
03:45:30,0.501276969909668
03:46:00,0.5011792182922363
03:46:30,0.5012617111206055
03:47:00,0.5012702941894531
03:47:30,0.5012946128845215
03:48:00,0.5012898445129395
03:48:30,0.501286506652832
03:49:00,0.50128173828125
03:49:30,0.5012936592102051
03:50:00,0.5012989044189453
03:50:30,0.5012803077697754
03:51:00,0.5012774467468262
03:51:30,0.5012764930725098
03:52:00,0.501279354095459
03:52:30,0.5012974739074707
03:53:00,0.5013155937194824
03:53:30,0.5013198852539062
03:54:00,0.5013508796691895
03:54:30,0.5013260841369629
03:55:00,0.5013108253479004
03:55:30,0.5013213157653809
03:56:00,0.5013184547424316
03:56:30,0.5013198852539062
03:57:00,0.5012984275817871
03:57:30,0.501307487487793
03:58:00,0.5013384819030762
03:58:30,0.5013132095336914
03:59:00,0.5013322830200195
03:59:30,0.501317024230957
04:00:00,0.5013060569763184
04:00:30,0.5013084411621094
04:01:00,0.5011935234069824
04:01:30,0.5012674331665039
04:02:00,0.5012836456298828
04:02:30,0.5013008117675781
04:03:00,0.5012960433959961
04:03:30,0.5012927055358887
04:04:00,0.5012936592102051
04:04:30,0.501309871673584
04:05:00,0.5013031959533691
04:05:30,0.501307487487793
04:06:00,0.5013008117675781
04:06:30,0.5013160705566406
04:07:00,0.5013113021850586
04:07:30,0.5013284683227539
04:08:00,0.501312255859375
04:08:30,0.5013070106506348
04:09:00,0.5013246536254883
04:09:30,0.5013523101806641
04:10:00,0.5013184547424316
04:10:30,0.5013031959533691
04:11:00,0.5013113021850586
04:11:30,0.5013079643249512
04:12:00,0.5013093948364258
04:12:30,0.5013179779052734
04:13:00,0.501319408416748
04:13:30,0.5013060569763184
04:14:00,0.5013189315795898
04:14:30,0.5013518333435059
04:15:00,0.5013365745544434
04:15:30,0.5013303756713867
04:16:00,0.5012478828430176
04:16:30,0.5013246536254883
04:17:00,0.5013279914855957
04:17:30,0.5013470649719238
04:18:00,0.5013437271118164
04:18:30,0.5013532638549805
04:19:00,0.5013470649719238
04:19:30,0.5013251304626465
04:20:00,0.5013465881347656
04:20:30,0.5013723373413086
04:21:00,0.5013689994812012
04:21:30,0.5013489723205566
04:22:00,0.5013394355773926
04:22:30,0.5013370513916016
04:23:00,0.5013613700866699
04:23:30,0.5013699531555176
04:24:00,0.5013880729675293
04:24:30,0.5013818740844727
04:25:00,0.5015573501586914
04:25:30,0.5013699531555176
04:26:00,0.5013713836669922
04:26:30,0.5013985633850098
04:27:00,0.5013604164123535
04:27:30,0.5013852119445801
04:28:00,0.5013856887817383
04:28:30,0.5013999938964844
04:29:00,0.5013914108276367
04:29:30,0.5013761520385742
04:30:00,0.5013628005981445
04:30:30,0.5013890266418457
04:31:00,0.5012874603271484
04:31:30,0.5013809204101562
04:32:00,0.5013666152954102
04:32:30,0.5013818740844727
04:33:00,0.5013890266418457
04:33:30,0.5013985633850098
04:34:00,0.5013632774353027
04:34:30,0.5013670921325684
04:35:00,0.5028877258300781
04:35:30,0.5028557777404785
04:36:00,0.5028681755065918
04:36:30,0.502842903137207
04:37:00,0.5028448104858398
04:37:30,0.502861499786377
04:38:00,0.5028834342956543
04:38:30,0.502899169921875
04:39:00,0.5028829574584961
04:39:30,0.5028810501098633
04:40:00,0.5014023780822754
04:40:30,0.5014033317565918
04:41:00,0.5014352798461914
04:41:30,0.5014686584472656
04:42:00,0.5014405250549316
04:42:30,0.5014448165893555
04:43:00,0.5014743804931641
04:43:30,0.5014567375183105
04:44:00,0.5014619827270508
04:44:30,0.5014886856079102
04:45:00,0.5014729499816895
04:45:30,0.5014553070068359
04:46:00,0.5013327598571777
04:46:30,0.5014286041259766
04:47:00,0.5014667510986328
04:47:30,0.5056138038635254
04:48:00,0.5056276321411133
04:48:30,0.5056076049804688
04:49:00,0.5056123733520508
04:49:30,0.5056180953979492
04:50:00,0.5056009292602539
04:50:30,0.5055975914001465
04:51:00,0.5056371688842773
04:51:30,0.5056333541870117
04:52:00,0.5056319236755371
04:52:30,0.5056376457214355
04:53:00,0.5056252479553223
04:53:30,0.5056252479553223
04:54:00,0.505640983581543
04:54:30,0.5056037902832031
04:55:00,0.5056180953979492
04:55:30,0.5056462287902832
04:56:00,0.5056371688842773
04:56:30,0.5056180953979492
04:57:00,0.5056023597717285
04:57:30,0.5056118965148926
04:58:00,0.5056290626525879
04:58:30,0.5056486129760742
04:59:00,0.5056467056274414
04:59:30,0.5056638717651367
05:00:00,0.5056195259094238
05:00:30,0.5057353973388672
05:01:00,0.5055899620056152
05:01:30,0.5056014060974121
05:02:00,0.5056304931640625
05:02:30,0.5056495666503906
05:03:00,0.5056452751159668
05:03:30,0.5056142807006836
05:04:00,0.5056204795837402
05:04:30,0.5056300163269043
05:05:00,0.5056233406066895
05:05:30,0.505640983581543
05:06:00,0.5056476593017578
05:06:30,0.5056576728820801
05:07:00,0.5056276321411133
05:07:30,0.5056352615356445
05:08:00,0.5056729316711426
05:08:30,0.5056624412536621
05:09:00,0.5056538581848145
05:09:30,0.5056643486022949
05:10:00,0.5056710243225098
05:10:30,0.5056667327880859
05:11:00,0.505678653717041
05:11:30,0.5056772232055664
05:12:00,0.5056366920471191
05:12:30,0.5056514739990234
05:13:00,0.5056681632995605
05:13:30,0.5056939125061035
05:14:00,0.5056633949279785
05:14:30,0.50567626953125
05:15:00,0.5056447982788086
05:15:30,0.5056657791137695
05:16:00,0.5055375099182129
05:16:30,0.5056166648864746
05:17:00,0.5056595802307129
05:17:30,0.5056657791137695
05:18:00,0.5056695938110352
05:18:30,0.5056753158569336
05:19:00,0.5056633949279785
05:19:30,0.5056438446044922
05:20:00,0.5056862831115723
05:20:30,0.5056757926940918
05:21:00,0.5056924819946289
05:21:30,0.5056915283203125
05:22:00,0.5056972503662109
05:22:30,0.5056767463684082
05:23:00,0.5056838989257812
05:23:30,0.5056853294372559
05:24:00,0.5057177543640137
05:24:30,0.505713939666748
05:25:00,0.5056867599487305
05:25:30,0.5056877136230469
05:26:00,0.5056986808776855
05:26:30,0.5056986808776855
05:27:00,0.505681037902832
05:27:30,0.5056872367858887
05:28:00,0.5057001113891602
05:28:30,0.5056900978088379
05:29:00,0.5056900978088379
05:29:30,0.5056943893432617
05:30:00,0.5057096481323242
05:30:30,0.5057210922241211
05:31:00,0.5056238174438477
05:31:30,0.5057144165039062
05:32:00,0.5056948661804199
05:32:30,0.5057101249694824
05:33:00,0.5057249069213867
05:33:30,0.5057206153869629
05:34:00,0.5057191848754883
05:34:30,0.5057172775268555
05:35:00,0.5071835517883301
05:35:30,0.5072154998779297
05:36:00,0.5071911811828613
05:36:30,0.5071854591369629
05:37:00,0.5071883201599121
05:37:30,0.5091977119445801
05:38:00,0.5091891288757324
05:38:30,0.5091891288757324
05:39:00,0.5091948509216309
05:39:30,0.5091981887817383
05:40:00,0.5077018737792969
05:40:30,0.5076999664306641
05:41:00,0.5077023506164551
05:41:30,0.5077028274536133
05:42:00,0.5076971054077148
05:42:30,0.5077028274536133
05:43:00,0.5077166557312012
05:43:30,0.5077152252197266
05:44:00,0.5077180862426758
05:44:30,0.5077357292175293
05:45:00,0.5077371597290039
05:45:30,0.507728099822998
05:46:00,0.507603645324707
05:46:30,0.5088167190551758
05:47:00,0.5092983245849609
05:47:30,0.5092868804931641
05:48:00,0.5105094909667969
05:48:30,0.5093183517456055
05:49:00,0.5092787742614746
05:49:30,0.509303092956543
05:50:00,0.5094242095947266
05:50:30,0.5117659568786621
05:51:00,0.5117783546447754
05:51:30,0.5117850303649902
05:52:00,0.5117874145507812
05:52:30,0.5117936134338379
05:53:00,0.5117874145507812
05:53:30,0.5117826461791992
05:54:00,0.5117740631103516
05:54:30,0.511878490447998
05:55:00,0.5118837356567383
05:55:30,0.5119266510009766
05:56:00,0.5118885040283203
05:56:30,0.5119280815124512
05:57:00,0.5119056701660156
05:57:30,0.5118956565856934
05:58:00,0.5119061470031738
05:58:30,0.5118937492370605
05:59:00,0.5119571685791016
05:59:30,0.5119619369506836
06:00:00,0.5119419097900391
06:00:30,0.5119485855102539
06:01:00,0.5117802619934082
06:01:30,0.5119242668151855
06:02:00,0.5119380950927734
06:02:30,0.5119462013244629
06:03:00,0.5119385719299316
06:03:30,0.511967658996582
06:04:00,0.5119428634643555
06:04:30,0.5120058059692383
06:05:00,0.5119571685791016
06:05:30,0.5119471549987793
06:06:00,0.5119838714599609
06:06:30,0.5119962692260742
06:07:00,0.5120053291320801
06:07:30,0.5119757652282715
06:08:00,0.5119810104370117
06:08:30,0.5119643211364746
06:09:00,0.5119595527648926
06:09:30,0.5119738578796387
06:10:00,0.5119585990905762
06:10:30,0.5119619369506836
06:11:00,0.511970043182373
06:11:30,0.5119743347167969
06:12:00,0.511965274810791
06:12:30,0.5119671821594238
06:13:00,0.5119633674621582
06:13:30,0.511960506439209
06:14:00,0.5119681358337402
06:14:30,0.5119838714599609
06:15:00,0.5119662284851074
06:15:30,0.5119881629943848
06:16:00,0.5116353034973145
06:16:30,0.5119767189025879
06:17:00,0.5119867324829102
06:17:30,0.5120434761047363
06:18:00,0.5120329856872559
06:18:30,0.5120387077331543
06:19:00,0.5120334625244141
06:19:30,0.5145158767700195
06:20:00,0.5145168304443359
06:20:30,0.5145220756530762
06:21:00,0.5145258903503418
06:21:30,0.5145306587219238
06:22:00,0.5145468711853027
06:22:30,0.5145273208618164
06:23:00,0.5145587921142578
06:23:30,0.5145573616027832
06:24:00,0.5145654678344727
06:24:30,0.514531135559082
06:25:00,0.5145301818847656
06:25:30,0.5145268440246582
06:26:00,0.5145292282104492
06:26:30,0.5145602226257324
06:27:00,0.5144972801208496
06:27:30,0.514533519744873
06:28:00,0.5145320892333984
06:28:30,0.5145106315612793
06:29:00,0.5156373977661133
06:29:30,0.5145201683044434
06:30:00,0.5145201683044434
06:30:30,0.5145244598388672
06:31:00,0.5145277976989746
06:31:30,0.514523983001709
06:32:00,0.5145149230957031
06:32:30,0.5247712135314941
06:33:00,0.5247607231140137
06:33:30,0.5247735977172852
06:34:00,0.5248198509216309
06:34:30,0.524752140045166
06:35:00,0.5262594223022461
06:35:30,0.5262837409973145
06:36:00,0.5263161659240723
06:36:30,0.5262942314147949
06:37:00,0.5262746810913086
06:37:30,0.5262966156005859
06:38:00,0.5263185501098633
06:38:30,0.5262823104858398
06:39:00,0.5262818336486816
06:39:30,0.5263328552246094
06:40:00,0.5247983932495117
06:40:30,0.5247931480407715
06:41:00,0.524803638458252
06:41:30,0.5248255729675293
06:42:00,0.5248055458068848
06:42:30,0.524803638458252
06:43:00,0.5248203277587891
06:43:30,0.524808406829834
06:44:00,0.5248188972473145
06:44:30,0.5248303413391113
06:45:00,0.5248093605041504
06:45:30,0.524808406829834
06:46:00,0.5248308181762695
06:46:30,0.5248122215270996
06:47:00,0.5248031616210938
06:47:30,0.5248203277587891
06:48:00,0.5248126983642578
06:48:30,0.5248284339904785
06:49:00,0.5248374938964844
06:49:30,0.5248160362243652
06:50:00,0.5248622894287109
06:50:30,0.5248231887817383
06:51:00,0.5248193740844727
06:51:30,0.5248227119445801
06:52:00,0.5248203277587891
06:52:30,0.5248293876647949
06:53:00,0.5248250961303711
06:53:30,0.524843692779541
06:54:00,0.5248322486877441
06:54:30,0.524838924407959
06:55:00,0.5248360633850098
06:55:30,0.5248665809631348
06:56:00,0.524843692779541
06:56:30,0.5248475074768066
06:57:00,0.5248403549194336
06:57:30,0.5248384475708008
06:58:00,0.5248408317565918
06:58:30,0.5248546600341797
06:59:00,0.5248422622680664
06:59:30,0.5248398780822754
07:00:00,0.524843692779541
07:00:30,0.5248918533325195
07:01:00,0.5248570442199707
07:02:00,0.5248508453369141
07:02:30,0.5248508453369141
07:03:00,0.524871826171875
07:03:30,0.5248470306396484
07:04:00,0.5248575210571289
07:04:30,0.5248570442199707
07:05:00,0.5248527526855469
07:06:00,0.5248527526855469
07:06:30,0.5248575210571289
07:07:00,0.5248732566833496
07:07:30,0.5248723030090332
07:08:00,0.5248761177062988
07:08:30,0.5248651504516602
07:09:00,0.5248622894287109
07:09:30,0.5248632431030273
07:10:00,0.5248699188232422
07:10:30,0.524867057800293
07:11:00,0.5248866081237793
07:11:30,0.524874210357666
07:12:00,0.5248885154724121
07:12:30,0.5248608589172363
07:13:30,0.5248622894287109
07:14:00,0.5248637199401855
07:14:30,0.5248746871948242
07:15:00,0.5248756408691406
07:15:30,0.5248837471008301
07:16:00,0.5248885154724121
07:16:30,0.5248508453369141
07:17:30,0.524878978729248
07:18:00,0.5248770713806152
07:18:30,0.5248775482177734
07:19:00,0.5248870849609375
07:19:30,0.5249218940734863
07:20:00,0.5248937606811523
07:20:30,0.524897575378418
07:21:00,0.5248956680297852
07:21:30,0.5248851776123047
07:22:00,0.5248899459838867
07:22:30,0.5249152183532715
07:23:00,0.5249052047729492
07:23:30,0.5249037742614746
07:24:30,0.5249361991882324
07:25:00,0.5249490737915039
07:25:30,0.5249109268188477
07:26:00,0.5249538421630859
07:26:30,0.5249156951904297
07:27:00,0.5249238014221191
07:27:30,0.5249032974243164
07:28:00,0.524925708770752
07:28:30,0.5249109268188477
07:29:00,0.5249109268188477
07:31:00,0.5249319076538086
07:31:30,0.5249004364013672
07:32:00,0.5249209403991699
07:32:30,0.5249242782592773
07:33:00,0.524932861328125
07:33:30,0.5249342918395996
07:34:00,0.5249385833740234
07:34:30,0.524937629699707
07:35:00,0.5264372825622559
07:35:30,0.5264296531677246
07:36:00,0.5264310836791992
07:36:30,0.526423454284668
07:37:00,0.5264496803283691
07:37:30,0.526451587677002
07:38:00,0.5264754295349121
07:39:00,0.5264835357666016
07:39:30,0.5264720916748047
07:40:00,0.5249772071838379
07:40:30,0.5249814987182617
07:41:00,0.5249695777893066
07:41:30,0.5249691009521484
07:42:00,0.5249881744384766
07:42:30,0.5250029563903809
07:43:00,0.5250039100646973
07:43:30,0.524993896484375
07:44:00,0.5249810218811035
07:44:30,0.5249710083007812
07:45:00,0.5250473022460938
07:45:30,0.5250306129455566
07:46:00,0.5250535011291504
07:46:30,0.5250091552734375
07:47:00,0.5250625610351562
07:47:30,0.5250215530395508
07:48:00,0.5250215530395508
07:50:00,0.5250601768493652
07:50:30,0.5250563621520996
07:51:00,0.5250563621520996
07:51:30,0.5250563621520996
07:52:00,0.5250563621520996
07:52:30,0.5250568389892578
07:53:00,0.5250568389892578
07:53:30,0.5250711441040039
07:54:00,0.5250711441040039
07:54:30,0.5250911712646484
07:55:00,0.5250911712646484
07:55:30,0.525205135345459
07:56:00,0.525205135345459
07:56:30,0.5252175331115723
07:57:00,0.5252175331115723
07:57:30,0.5252151489257812
07:58:00,0.5252151489257812
07:58:30,0.5252118110656738
07:59:00,0.5252118110656738
08:00:00,0.5252156257629395
08:00:30,0.5252294540405273
08:01:00,0.5252294540405273
08:01:30,0.525728702545166
08:02:00,0.525728702545166
08:02:30,0.525719165802002
08:03:00,0.525719165802002
08:03:30,0.5257196426391602
08:04:00,0.5257196426391602
08:04:30,0.5257205963134766
08:05:00,0.5257205963134766
08:05:30,0.525752067565918
08:06:00,0.525752067565918
08:06:30,0.5257339477539062
08:07:00,0.5257339477539062
08:07:30,0.5260114669799805
08:08:00,0.5260114669799805
08:08:30,0.5260248184204102
08:09:00,0.5260248184204102
08:09:30,0.5260224342346191
08:10:00,0.5260224342346191
08:10:30,0.5260391235351562
08:11:00,0.5260391235351562
08:11:30,0.5260195732116699
08:12:00,0.5260195732116699
08:12:30,0.5263495445251465
08:13:00,0.5263495445251465
08:13:30,0.5263633728027344
08:14:00,0.5263633728027344
08:14:30,0.5263614654541016
08:15:00,0.5263614654541016
08:15:30,0.5263576507568359
08:16:00,0.5263576507568359
08:16:30,0.5263185501098633
08:17:00,0.5263185501098633
08:17:30,0.526329517364502
08:18:00,0.526329517364502
08:18:30,0.5263838768005371
08:19:00,0.5263838768005371
08:19:30,0.5263838768005371
08:20:00,0.5263838768005371
08:20:30,0.5264978408813477
08:21:00,0.5264978408813477
08:21:30,0.5264754295349121
08:22:00,0.5264754295349121
08:22:30,0.5264892578125
08:23:00,0.5264892578125
08:23:30,0.526482105255127
08:24:00,0.526482105255127
08:24:30,0.5265021324157715
08:25:00,0.5265021324157715
08:25:30,0.5265364646911621
08:26:00,0.5265364646911621
08:26:30,0.5265111923217773
08:27:00,0.5265111923217773
08:27:30,0.526522159576416
08:28:00,0.526522159576416
08:28:30,0.5267572402954102
08:29:00,0.5267572402954102
08:29:30,0.5267210006713867
08:30:00,0.5267210006713867
08:30:30,0.5267167091369629
08:31:00,0.5267167091369629
08:31:30,0.5266985893249512
08:32:00,0.5266985893249512
08:32:30,0.5267257690429688
08:33:00,0.5267257690429688
08:33:30,0.5267219543457031
08:34:00,0.5267219543457031
08:34:30,0.5267610549926758
08:35:00,0.5267610549926758
08:35:30,0.528231143951416
08:36:00,0.528231143951416
08:36:30,0.5282330513000488
08:37:00,0.5282330513000488
08:37:30,0.5282363891601562
08:38:00,0.5282363891601562
08:38:30,0.5282506942749023
08:39:00,0.5282506942749023
08:39:30,0.5282506942749023
08:40:00,0.5282506942749023
08:40:30,0.5267596244812012
08:41:00,0.5267596244812012
08:41:30,0.5267877578735352
08:42:00,0.5267877578735352
08:42:30,0.5267987251281738
08:43:00,0.5267987251281738
08:43:30,0.5267906188964844
08:44:00,0.5267906188964844
08:44:30,0.5268063545227051
08:45:00,0.5268063545227051
08:45:30,0.5268044471740723
08:46:00,0.5268044471740723
08:46:30,0.5268263816833496
08:47:00,0.5268263816833496
08:47:30,0.5268216133117676
08:48:00,0.5268216133117676
08:48:30,0.5268287658691406
08:49:00,0.5268287658691406
08:49:30,0.5268168449401855
08:50:00,0.5268168449401855
08:50:30,0.5268349647521973
08:51:00,0.5268349647521973
08:51:30,0.526820182800293
08:52:00,0.526820182800293
08:52:30,0.5294137001037598
08:53:00,0.5294137001037598
08:53:30,0.5294289588928223
08:54:00,0.5294289588928223
08:54:30,0.5294313430786133
08:55:00,0.5294313430786133
08:55:30,0.5294265747070312
08:56:00,0.5294265747070312
08:56:30,0.5294384956359863
08:57:00,0.5294384956359863
08:57:30,0.5294265747070312
08:58:00,0.5294265747070312
08:58:30,0.5294437408447266
08:59:00,0.5294437408447266
08:59:30,0.5294489860534668
09:00:00,0.5294489860534668
09:00:30,0.5295314788818359
09:01:00,0.5295314788818359
09:01:30,0.5294795036315918
09:02:00,0.5294795036315918
09:02:30,0.5294718742370605
09:03:00,0.5294718742370605
09:03:30,0.5294809341430664
09:04:00,0.5294809341430664
09:04:30,0.5294990539550781
09:05:00,0.5294990539550781
09:05:30,0.5294966697692871
09:06:00,0.5294966697692871
09:06:30,0.5294780731201172
09:07:00,0.5294780731201172
09:07:30,0.5295476913452148
09:08:00,0.5295476913452148
09:08:30,0.5295085906982422
09:09:00,0.5295085906982422
09:09:30,0.5295028686523438
09:10:00,0.5295028686523438
09:10:30,0.529545783996582
09:11:00,0.529545783996582
09:11:30,0.5295143127441406
09:12:00,0.5295143127441406
09:12:30,0.5295109748840332
09:13:00,0.5295109748840332
09:13:30,0.5295186042785645
09:14:00,0.5295186042785645
09:14:30,0.5295157432556152
09:15:00,0.5295157432556152
09:15:30,0.5295333862304688
09:16:00,0.5295333862304688
09:16:30,0.5294933319091797
09:17:00,0.5294933319091797
09:17:30,0.5295100212097168
09:18:00,0.5295100212097168
09:18:30,0.5295243263244629
09:19:00,0.5295243263244629
09:19:30,0.5295381546020508
09:20:00,0.5295381546020508
09:20:30,0.5295243263244629
09:21:00,0.5295243263244629
09:21:30,0.5295748710632324
09:22:00,0.5295748710632324
09:22:30,0.5295352935791016
09:23:00,0.5295352935791016
09:23:30,0.5295219421386719
09:24:00,0.5295219421386719
09:24:30,0.5295200347900391
09:25:00,0.5295200347900391
09:25:30,0.5295314788818359
09:26:00,0.5295314788818359
09:26:30,0.5295381546020508
09:27:00,0.5295381546020508
09:27:30,0.529538631439209
09:28:00,0.529538631439209
09:28:30,0.5295543670654297
09:29:00,0.5295543670654297
09:29:30,0.5295367240905762
09:30:00,0.5295367240905762
09:30:30,0.5295538902282715
09:31:00,0.5295538902282715
09:31:30,0.5295438766479492
09:32:00,0.5295438766479492
09:32:30,0.5295524597167969
09:33:00,0.5295524597167969
09:33:30,0.5295753479003906
09:34:00,0.5295753479003906
09:34:30,0.5295467376708984
09:35:00,0.5295467376708984
09:35:30,0.5310463905334473
09:36:00,0.5310463905334473
09:36:30,0.5310416221618652
09:37:00,0.5310416221618652
09:37:30,0.5310568809509277
09:38:00,0.5310568809509277
09:38:30,0.5310530662536621
09:39:00,0.5310530662536621
09:39:30,0.5310502052307129
09:40:00,0.5310502052307129
09:40:30,0.5295619964599609
09:41:00,0.5295619964599609
09:41:30,0.5295853614807129
09:42:00,0.5295853614807129
09:42:30,0.529571533203125
09:43:00,0.529571533203125
09:43:30,0.5295825004577637
09:44:00,0.5295825004577637
09:44:30,0.5295925140380859
09:45:00,0.5295925140380859
09:45:30,0.5295820236206055
09:46:00,0.5295820236206055
09:46:30,0.5295610427856445
09:47:00,0.5295610427856445
09:47:30,0.5295605659484863
09:48:00,0.5295605659484863
09:48:30,0.5295891761779785
09:49:00,0.5295891761779785
09:49:30,0.5295825004577637
09:50:00,0.5295825004577637
09:50:30,0.529576301574707
09:51:00,0.529576301574707
09:51:30,0.5295839309692383
09:52:00,0.5295839309692383
09:52:30,0.5296025276184082
09:53:00,0.5296025276184082
09:53:30,0.5296297073364258
09:54:00,0.5296297073364258
09:54:30,0.5295782089233398
09:55:00,0.5295782089233398
09:55:30,0.5295820236206055
09:56:00,0.5295820236206055
09:56:30,0.5295825004577637
09:57:00,0.5295825004577637
09:57:30,0.5295934677124023
09:58:00,0.5295934677124023
09:58:30,0.5296082496643066
09:59:00,0.5296082496643066
09:59:30,0.529627799987793
10:00:00,0.529627799987793
10:00:30,0.5296154022216797
10:01:00,0.5296154022216797
10:01:30,0.5299601554870605
10:02:00,0.5299601554870605
10:02:30,0.5296721458435059
10:03:00,0.5296721458435059
10:03:30,0.5296425819396973
10:04:00,0.5296425819396973
10:04:30,0.5296463966369629
10:05:00,0.5296463966369629
10:05:30,0.5296840667724609
10:06:00,0.5296840667724609
10:06:30,0.5296430587768555
10:07:00,0.5296430587768555
10:07:30,0.529655933380127
10:08:00,0.529655933380127
10:08:30,0.5296764373779297
10:09:00,0.5296764373779297
10:09:30,0.5296521186828613
10:10:00,0.5296521186828613
10:10:30,0.5296416282653809
10:11:00,0.5296416282653809
10:11:30,0.5297017097473145
10:12:00,0.5297017097473145
10:12:30,0.529665470123291
10:13:00,0.529665470123291
10:13:30,0.5351142883300781
10:14:00,0.5351142883300781
10:14:30,0.5351476669311523
10:15:00,0.5351476669311523
10:15:30,0.5351357460021973
10:16:00,0.5351357460021973
10:16:30,0.5352277755737305
10:17:00,0.5352277755737305
10:17:30,0.5352411270141602
10:18:00,0.5352411270141602
10:18:30,0.535245418548584
10:19:00,0.535245418548584
10:19:30,0.5352311134338379
10:20:00,0.5352311134338379
10:20:30,0.5352382659912109
10:21:00,0.5352382659912109
10:21:30,0.5352439880371094
10:22:00,0.5352439880371094
10:22:30,0.5352616310119629
10:23:00,0.5352616310119629
10:23:30,0.5352520942687988
10:24:00,0.5352520942687988
10:24:30,0.5352640151977539
10:25:00,0.5352640151977539
10:25:30,0.5352797508239746
10:26:00,0.5352797508239746
10:26:30,0.535245418548584
10:27:00,0.535245418548584
10:27:30,0.5352616310119629
10:28:00,0.5352616310119629
10:28:30,0.5352387428283691
10:29:00,0.5352387428283691
10:29:30,0.535243034362793
10:30:00,0.535243034362793
10:30:30,0.5352563858032227
10:31:00,0.5352563858032227
10:31:30,0.53521728515625
10:32:00,0.53521728515625
10:32:30,0.5352597236633301
10:33:00,0.5352597236633301
10:33:30,0.5352516174316406
10:34:00,0.5352516174316406
10:34:30,0.5352921485900879
10:35:00,0.5352921485900879
10:35:30,0.536776065826416
10:36:00,0.536776065826416
10:36:30,0.5367660522460938
10:37:00,0.5367660522460938
10:37:30,0.5367794036865234
10:38:00,0.5367794036865234
10:38:30,0.5367894172668457
10:39:00,0.5367894172668457
10:39:30,0.536801815032959
10:40:00,0.536801815032959
10:40:30,0.5352940559387207
10:41:00,0.5352940559387207
10:41:30,0.535285472869873
10:42:00,0.535285472869873
10:42:30,0.5352797508239746
10:43:00,0.5352797508239746
10:43:30,0.5352754592895508
10:44:00,0.5352754592895508
10:44:30,0.5352768898010254
10:45:00,0.5352768898010254
10:45:30,0.5352873802185059
10:46:00,0.5352873802185059
10:46:30,0.5352287292480469
10:47:00,0.5352287292480469
10:47:30,0.5352463722229004
10:48:00,0.5352463722229004
10:48:30,0.5352535247802734
10:49:00,0.5352535247802734
10:49:30,0.5352935791015625
10:50:00,0.5352935791015625
10:50:30,0.5352778434753418
10:51:00,0.5352778434753418
10:51:30,0.535301685333252
10:52:00,0.535301685333252
10:52:30,0.5352935791015625
10:53:00,0.5352935791015625
10:53:30,0.5353083610534668
10:54:00,0.5353083610534668
10:54:30,0.5352997779846191
10:55:00,0.5352997779846191
10:55:30,0.5352997779846191
10:56:00,0.5352997779846191
10:56:30,0.5353212356567383
10:57:00,0.5353212356567383
10:57:30,0.5353145599365234
10:58:00,0.5353145599365234
10:58:30,0.5353198051452637
10:59:00,0.5353198051452637
10:59:30,0.5353207588195801
11:00:00,0.5353207588195801
11:00:30,0.5354156494140625
11:01:00,0.5354156494140625
11:01:30,0.5353021621704102
11:02:00,0.5353021621704102
11:02:30,0.5353097915649414
11:03:00,0.5353097915649414
11:03:30,0.5353431701660156
11:04:00,0.5353431701660156
11:04:30,0.535334587097168
11:05:00,0.535334587097168
11:05:30,0.5353198051452637
11:06:00,0.5353198051452637
11:06:30,0.5353341102600098
11:07:00,0.5353341102600098
11:07:30,0.5353174209594727
11:08:00,0.5353174209594727
11:08:30,0.5353269577026367
11:09:00,0.5353269577026367
11:09:30,0.5353312492370605
11:10:00,0.5353312492370605
11:10:30,0.5353565216064453
11:11:00,0.5353565216064453
11:11:30,0.5353484153747559
11:12:00,0.5353484153747559
11:12:30,0.5353293418884277
11:13:00,0.5353293418884277
11:13:30,0.5353336334228516
11:14:00,0.5353336334228516
11:14:30,0.5353527069091797
11:15:00,0.5353527069091797
11:15:30,0.5353407859802246
11:16:00,0.5353407859802246
11:16:30,0.5352964401245117
11:17:00,0.5352964401245117
11:17:30,0.5353250503540039
11:18:00,0.5353250503540039
11:18:30,0.5352997779846191
11:19:00,0.5352997779846191
11:19:30,0.5353317260742188
11:20:00,0.5353317260742188
11:20:30,0.5353493690490723
11:21:00,0.5353493690490723
11:21:30,0.5353279113769531
11:22:00,0.5353279113769531
11:22:30,0.5353074073791504
11:23:00,0.5353074073791504
11:23:30,0.5353555679321289
11:24:00,0.5353555679321289
11:24:30,0.5353569984436035
11:25:00,0.5353569984436035
11:25:30,0.5353569984436035
11:26:00,0.5353569984436035
11:26:30,0.5353736877441406
11:27:00,0.5353736877441406
11:27:30,0.5353665351867676
11:28:00,0.5353665351867676
11:28:30,0.535365104675293
11:29:00,0.535365104675293
11:29:30,0.5353755950927734
11:30:00,0.5353755950927734
11:30:30,0.5353603363037109
11:31:00,0.5353603363037109
11:31:30,0.5353412628173828
11:32:00,0.5353412628173828
11:32:30,0.5353918075561523
11:33:00,0.5353918075561523
11:33:30,0.5354022979736328
11:34:00,0.5354022979736328
11:34:30,0.5353631973266602
11:35:00,0.5353631973266602
11:35:30,0.536862850189209
11:36:00,0.536862850189209
11:36:30,0.5368742942810059
11:37:00,0.5368742942810059
11:37:30,0.5368771553039551
11:38:00,0.5368771553039551
11:38:30,0.5368828773498535
11:39:00,0.5368828773498535
11:39:30,0.536870002746582
11:40:00,0.536870002746582
11:40:30,0.5353999137878418
11:41:00,0.5353999137878418
11:41:30,0.535398006439209
11:42:00,0.535398006439209
11:42:30,0.5353994369506836
11:43:00,0.5353994369506836
11:43:30,0.5354042053222656
11:44:00,0.5354042053222656
11:44:30,0.5354146957397461
11:45:00,0.5354146957397461
11:45:30,0.5354151725769043
11:46:00,0.5354151725769043
11:46:30,0.5354142189025879
11:47:00,0.5354142189025879
11:47:30,0.5354008674621582
11:48:00,0.5354008674621582
11:48:30,0.5353951454162598
11:49:00,0.5353951454162598
11:49:30,0.5353841781616211
11:50:00,0.5353841781616211
11:50:30,0.5354061126708984
11:51:00,0.5354061126708984
11:51:30,0.5354018211364746
11:52:00,0.5354018211364746
11:52:30,0.5353994369506836
11:53:00,0.5353994369506836
11:53:30,0.5353870391845703
11:54:00,0.5353870391845703
11:54:30,0.5354084968566895
11:55:00,0.5354084968566895
11:55:30,0.535405158996582
11:56:00,0.535405158996582
11:56:30,0.535407543182373
11:57:00,0.535407543182373
11:57:30,0.5353837013244629
11:58:00,0.5353837013244629
11:58:30,0.535402774810791
11:59:00,0.535402774810791
11:59:30,0.5354199409484863
